{"2.2": {"0.0": {"intensities": {"model": [0.0, 0.0, 0.0, 0.0, 0.0, 0.0, 0.0, 0.0, 0.0, 0.0, 0.0, 0.0, 0.0, 0.0, 0.0, 0.0, 0.0, 0.0, 0.0, 0.0, 0.0, 0.0, 0.0, 0.0, 0.0, 0.0, 0.0, 0.0, 0.0, 0.0, 0.0, 0.0, 0.0, 0.0, 0.0, 0.0, 0.0, 0.0, 0.0, 0.0, 0.0, 0.0, 0.0, 0.0, 0.0, 0.0, 0.0, 0.0, 0.0, 0.0, 0.0, 0.0, 0.0, 0.0, 0.0, 0.0, 0.0, 0.0, 0.0, 0.0, 0.0, 0.0, 0.0, 0.0, 0.0, 0.0, 0.0, 0.008234117699367634, 0.01647695556212535, 0.02472773421161288, 0.03298567047694601, 0.04452656163714177, 0.05607759274037774, 0.06763766657756175, 0.07920568162225708, 0.0940387927933605, 0.10888323906551223, 0.12373761233946536, 0.1451157357627863, 0.16323308687246643, 0.18136214725377114], "real": [-0.0016240170431123166, 0.0, 0.005935197421573502, 0.012042254915353458, 0.01797705352356451, 0.019632326699068274, 0.024044144221172827, 0.02841089275035653, 0.03415372182502398, 0.03932034087104387, 0.04564303308052657, 0.05194923693344105, 0.06076277351008361, 0.07364252033625722, 0.09136824422245475, 0.11388531533168501, 0.28524210507389997, 0.32488492299143595, 0.37408813697952814, 0.4100684768676292, 0.4381645559300208, 0.4635471349272946, 0.492305764633032, 0.5252701148174613, 0.5634393809112078, 0.607000281740107, 0.6543776304741887, 0.6965815105483935, 0.7401708719416826, 0.8096911348078828, 0.8375103590295206, 0.8617884533897268, 0.8818750333172615, 0.8995711982665219, 0.9129200013414307, 0.9262781090057558, 0.9376107549395559, 0.9481148147772787, 0.9581577849146954, 0.9665152457169189, 0.974892476849971, 0.9797461877523664, 0.9856005107038291, 0.9911315940249921, 0.9968882969301885, 0.9967951706538013, 0.9968557801569, 0.9973637640487343, 0.9987393620684193, 1.0004381268955949, 1.002006886977078, 1.000285990323167, 0.9987589018130146, 1.0000196906306562, 0.9991884693717301, 1.0024645509352514, 0.9998757233589628, 0.9988960381241048, 0.9991808239725279, 0.9998661602396647, 0.999643872937403, 0.9997662851191703, 1.0045142911065836, 1.000431671776612, 1.0017674693838932, 1.0018213436901575, 1.0027646602071474, 1.0032725828151003, 1.002608984838325, 1.0023579681677455, 1.0025543610439853, 1.002008262567288, 1.0015549839637916, 1.002186803329803, 1.0017148033221492, 1.0047051315061177, 1.0008614401663716, 1.0006544660202241, 0.9992350067434174, 0.9979345117981221, 1.0]}, "ys": [0.0, 0.02, 0.04, 0.06, 0.08, 0.1, 0.12, 0.14, 0.16, 0.18, 0.2, 0.22, 0.24, 0.26, 0.28, 0.3, 0.32, 0.34, 0.36, 0.38, 0.4, 0.42, 0.44, 0.46, 0.48, 0.5, 0.52, 0.54, 0.56, 0.58, 0.6, 0.62, 0.64, 0.66, 0.68, 0.7, 0.72, 0.74, 0.76, 0.78, 0.8, 0.82, 0.84, 0.86, 0.88, 0.9, 0.92, 0.94, 0.96, 0.98, 1.0, 1.02, 1.04, 1.06, 1.08, 1.1, 1.12, 1.14, 1.16, 1.18, 1.2, 1.22, 1.24, 1.26, 1.28, 1.3, 1.32, 1.34, 1.36, 1.38, 1.4, 1.42, 1.44, 1.46, 1.48, 1.5, 1.52, 1.54, 1.56, 1.58, 1.6]}, "0.05": {"intensities": {"model": [0.0, 0.0, 0.0, 0.0, 0.0, 0.0, 0.0, 0.0, 0.0, 0.0, 0.0, 0.0, 0.0, 0.0, 0.0, 0.0, 0.0, 0.0, 0.0, 0.0, 0.0, 0.0, 0.0, 0.0, 0.0, 0.0, 0.0, 0.008234117699367634, 0.03298567047694601, 0.059362988901298624, 0.0940387927933605, 0.13355016412557616, 0.18136214725377114, 0.24838178411276612], "real": [0.9964552521296917, 0.996605904281648, 0.9960364535180617, 0.9970684061927941, 0.9963727541786056, 0.9962004762996061, 0.9959423648677146, 0.9965016871466494, 0.9964965861546724, 0.9970098589780971, 0.9965604914514652, 0.9962220079225246, 0.9960675658819438, 0.9957197947856877, 0.9928187499188369, 0.9939166531311946, 0.9960921236981202, 0.9956196051818783, 0.9931498918753898, 0.9932254307704345, 0.993817081387321, 0.9916560892438647, 0.9914728758715285, 0.9932360320819436, 0.9936918552439217, 0.9963057382991466, 0.997487413995017, 0.9989795551079801, 1.000744194905683, 1.0013026746580116, 1.0030813375648495, 1.0032012836150073, 1.003120536901857, 1.003154893430331]}, "ys": [0.0, 0.05, 0.1, 0.15, 0.2, 0.25, 0.3, 0.35, 0.4, 0.45, 0.5, 0.55, 0.6, 0.65, 0.7, 0.75, 0.8, 0.85, 0.9, 0.95, 1.0, 1.05, 1.1, 1.15, 1.2, 1.25, 1.3, 1.35, 1.4, 1.45, 1.5, 1.55, 1.6, 1.65]}, "0.1": {"intensities": {"model": [0.0, 0.0, 0.0, 0.0, 0.0, 0.0, 0.0, 0.0, 0.0, 0.0, 0.0, 0.0, 0.0, 0.0, 0.03298567047694601, 0.0940387927933605, 0.18136214725377114], "real": [0.99111358809147, 0.9910056874745757, 0.9915377434757748, 0.9912346400300899, 0.9914633704041833, 0.9909144381279335, 0.9908235559818804, 0.9892231800517639, 0.9862893364871624, 0.9852063648393488, 0.9845522898558245, 0.9849269159974003, 0.9870825750725655, 0.9911092258594477, 0.9951719144373328, 0.9972066541727906, 0.9987441293177698]}, "ys": [0.0, 0.1, 0.2, 0.3, 0.4, 0.5, 0.6, 0.7, 0.8, 0.9, 1.0, 1.1, 1.2, 1.3, 1.4, 1.5, 1.6]}, "0.2": {"intensities": {"model": [0.0, 0.0, 0.0, 0.0, 0.0, 0.0, 0.0, 0.0, 0.0, 0.0, 0.0, 0.0, 0.0, 0.0, 0.02472773421161288, 0.08575692290153143, 0.1926506497806069], "real": [0.9929353114607263, 0.9923592916248299, 0.9920987703073026, 0.9919210280065694, 0.9922624453029486, 0.9913243081327716, 0.9901487552583946, 0.9874891555089903, 0.9859972638318261, 0.9850096044400745, 0.984868476790977, 0.9875133694663797, 0.9910059863682522, 0.9949001099019978, 0.996874559897623, 0.9967840692644262, 0.997586766580697]}, "ys": [0.0, 0.1, 0.2, 0.3, 0.4, 0.5, 0.6, 0.7, 0.8, 0.9, 1.0, 1.1, 1.2, 1.3, 1.4, 1.5, 1.6]}}}